MAE,RMSE,hit_rate,novelty
0.7482281596523112,0.961731061097717,0.0014903129657228018,205708.45752608048
